,Pclass,SibSp,Parch,Sex_female,Sex_male,Age_Children,Age_Teenage,Age_Adult,Age_Elder,Embarked_C,Embarked_Q,Embarked_S,Fare_Low_fare,Fare_median_fare,Fare_Average_fare,Fare_high_fare
0,3,1,0,0,1,0,0,1,0,0,0,1,1,0,0,0
1,1,1,0,1,0,0,0,1,0,1,0,0,0,0,0,1
2,3,0,0,1,0,0,0,1,0,0,0,1,0,1,0,0
3,1,1,0,1,0,0,0,1,0,0,0,1,0,0,0,1
4,3,0,0,0,1,0,0,1,0,0,0,1,0,1,0,0
5,3,0,0,0,1,0,0,1,0,0,1,0,0,1,0,0
6,1,0,0,0,1,0,0,0,1,0,0,1,0,0,0,1
7,3,3,1,0,1,1,0,0,0,0,0,1,0,0,1,0
8,3,0,2,1,0,0,0,1,0,0,0,1,0,1,0,0
9,2,1,0,1,0,0,1,0,0,1,0,0,0,0,1,0
10,3,1,1,1,0,1,0,0,0,0,0,1,0,0,1,0
11,1,0,0,1,0,0,0,0,1,0,0,1,0,0,1,0
12,3,0,0,0,1,0,1,0,0,0,0,1,0,1,0,0
13,3,1,5,0,1,0,0,1,0,0,0,1,0,0,0,1
14,3,0,0,1,0,0,1,0,0,0,0,1,1,0,0,0
15,2,0,0,1,0,0,0,0,1,0,0,1,0,0,1,0
16,3,4,1,0,1,1,0,0,0,0,1,0,0,0,1,0
17,2,0,0,0,1,0,0,1,0,0,0,1,0,1,0,0
18,3,1,0,1,0,0,0,1,0,0,0,1,0,0,1,0
19,3,0,0,1,0,0,0,1,0,1,0,0,1,0,0,0
20,2,0,0,0,1,0,0,1,0,0,0,1,0,0,1,0
21,2,0,0,0,1,0,0,1,0,0,0,1,0,1,0,0
22,3,0,0,1,0,0,1,0,0,0,1,0,0,1,0,0
23,1,0,0,0,1,0,0,1,0,0,0,1,0,0,0,1
24,3,3,1,1,0,1,0,0,0,0,0,1,0,0,1,0
25,3,1,5,1,0,0,0,1,0,0,0,1,0,0,0,1
26,3,0,0,0,1,0,0,1,0,1,0,0,1,0,0,0
27,1,3,2,0,1,0,1,0,0,0,0,1,0,0,0,0
28,3,0,0,1,0,0,0,1,0,0,1,0,1,0,0,0
29,3,0,0,0,1,0,0,1,0,0,0,1,1,0,0,0
30,1,0,0,0,1,0,0,1,0,1,0,0,0,0,1,0
31,1,1,0,1,0,0,0,1,0,1,0,0,0,0,0,0
32,3,0,0,1,0,0,0,1,0,0,1,0,1,0,0,0
33,2,0,0,0,1,0,0,0,1,0,0,1,0,1,0,0
34,1,1,0,0,1,0,0,1,0,1,0,0,0,0,0,1
35,1,1,0,0,1,0,0,0,1,0,0,1,0,0,0,1
36,3,0,0,0,1,0,0,1,0,1,0,0,1,0,0,0
37,3,0,0,0,1,0,0,1,0,0,0,1,0,1,0,0
38,3,2,0,1,0,0,1,0,0,0,0,1,0,0,1,0
39,3,1,0,1,0,0,1,0,0,1,0,0,0,1,0,0
40,3,1,0,1,0,0,0,1,0,0,0,1,0,1,0,0
41,2,1,0,1,0,0,0,1,0,0,0,1,0,0,1,0
42,3,0,0,0,1,0,0,1,0,1,0,0,1,0,0,0
43,2,1,2,1,0,1,0,0,0,1,0,0,0,0,0,1
44,3,0,0,1,0,0,1,0,0,0,1,0,1,0,0,0
45,3,0,0,0,1,0,0,1,0,0,0,1,0,1,0,0
46,3,1,0,0,1,0,0,1,0,0,1,0,0,0,1,0
47,3,0,0,1,0,0,0,1,0,0,1,0,1,0,0,0
48,3,2,0,0,1,0,0,1,0,1,0,0,0,0,1,0
49,3,1,0,1,0,0,1,0,0,0,0,1,0,0,1,0
50,3,4,1,0,1,1,0,0,0,0,0,1,0,0,0,1
51,3,0,0,0,1,0,0,1,0,0,0,1,1,0,0,0
52,1,1,0,1,0,0,0,0,1,1,0,0,0,0,0,1
53,2,1,0,1,0,0,0,1,0,0,0,1,0,0,1,0
54,1,0,1,0,1,0,0,0,1,1,0,0,0,0,0,1
55,1,0,0,0,1,0,0,1,0,0,0,1,0,0,0,1
56,2,0,0,1,0,0,0,1,0,0,0,1,0,1,0,0
57,3,0,0,0,1,0,0,1,0,1,0,0,1,0,0,0
58,2,1,2,1,0,1,0,0,0,0,0,1,0,0,1,0
59,3,5,2,0,1,1,0,0,0,0,0,1,0,0,0,1
60,3,0,0,0,1,0,0,1,0,1,0,0,1,0,0,0
61,1,0,0,1,0,0,0,1,0,0,0,1,0,0,0,1
62,1,1,0,0,1,0,0,0,1,0,0,1,0,0,0,1
63,3,3,2,0,1,1,0,0,0,0,0,1,0,0,1,0
64,1,0,0,0,1,0,0,1,0,1,0,0,0,0,1,0
65,3,1,1,0,1,0,0,1,0,1,0,0,0,0,1,0
66,2,0,0,1,0,0,0,1,0,0,0,1,0,1,0,0
67,3,0,0,0,1,0,1,0,0,0,0,1,0,1,0,0
68,3,4,2,1,0,0,1,0,0,0,0,1,0,1,0,0
69,3,2,0,0,1,0,0,1,0,0,0,1,0,1,0,0
70,2,0,0,0,1,0,0,1,0,0,0,1,0,1,0,0
71,3,5,2,1,0,0,1,0,0,0,0,1,0,0,0,1
72,2,0,0,0,1,0,0,1,0,0,0,1,0,0,0,1
73,3,1,0,0,1,0,0,1,0,1,0,0,0,0,1,0
74,3,0,0,0,1,0,0,1,0,0,0,1,0,0,0,1
75,3,0,0,0,1,0,0,1,0,0,0,1,1,0,0,0
76,3,0,0,0,1,0,0,1,0,0,0,1,1,0,0,0
77,3,0,0,0,1,0,0,1,0,0,0,1,0,1,0,0
78,2,0,2,0,1,0,0,0,0,0,0,1,0,0,1,0
79,3,0,0,1,0,0,0,1,0,0,0,1,0,1,0,0
80,3,0,0,0,1,0,0,1,0,0,0,1,0,1,0,0
81,3,0,0,0,1,0,0,1,0,0,0,1,0,1,0,0
82,3,0,0,1,0,0,0,1,0,0,1,0,1,0,0,0
83,1,0,0,0,1,0,0,1,0,0,0,1,0,0,0,1
84,2,0,0,1,0,0,1,0,0,0,0,1,0,1,0,0
85,3,3,0,1,0,0,0,1,0,0,0,1,0,0,1,0
86,3,1,3,0,1,0,1,0,0,0,0,1,0,0,0,1
87,3,0,0,0,1,0,0,1,0,0,0,1,0,1,0,0
88,1,3,2,1,0,0,0,1,0,0,0,1,0,0,0,0
89,3,0,0,0,1,0,0,1,0,0,0,1,0,1,0,0
90,3,0,0,0,1,0,0,1,0,0,0,1,0,1,0,0
91,3,0,0,0,1,0,1,0,0,0,0,1,1,0,0,0
92,1,1,0,0,1,0,0,0,1,0,0,1,0,0,0,1
93,3,1,2,0,1,0,0,1,0,0,0,1,0,0,1,0
94,3,0,0,0,1,0,0,0,1,0,0,1,1,0,0,0
95,3,0,0,0,1,0,0,1,0,0,0,1,0,1,0,0
96,1,0,0,0,1,0,0,0,1,1,0,0,0,0,0,1
97,1,0,1,0,1,0,0,1,0,1,0,0,0,0,0,1
98,2,0,1,1,0,0,0,1,0,0,0,1,0,0,1,0
99,2,1,0,0,1,0,0,1,0,0,0,1,0,0,1,0
100,3,0,0,1,0,0,0,1,0,0,0,1,1,0,0,0
101,3,0,0,0,1,0,0,1,0,0,0,1,1,0,0,0
102,1,0,1,0,1,0,0,1,0,0,0,1,0,0,0,1
103,3,0,0,0,1,0,0,1,0,0,0,1,0,1,0,0
104,3,2,0,0,1,0,0,1,0,0,0,1,0,1,0,0
105,3,0,0,0,1,0,0,1,0,0,0,1,1,0,0,0
106,3,0,0,1,0,0,0,1,0,0,0,1,1,0,0,0
107,3,0,0,0,1,0,0,1,0,0,0,1,1,0,0,0
108,3,0,0,0,1,0,0,1,0,0,0,1,1,0,0,0
109,3,1,0,1,0,0,0,1,0,0,1,0,0,0,1,0
110,1,0,0,0,1,0,0,0,1,0,0,1,0,0,0,1
111,3,1,0,1,0,0,1,0,0,1,0,0,0,0,1,0
112,3,0,0,0,1,0,0,1,0,0,0,1,0,1,0,0
113,3,1,0,1,0,0,1,0,0,0,0,1,0,1,0,0
114,3,0,0,1,0,0,1,0,0,1,0,0,0,0,1,0
115,3,0,0,0,1,0,0,1,0,0,0,1,0,1,0,0
116,3,0,0,0,1,0,0,0,1,0,1,0,1,0,0,0
117,2,1,0,0,1,0,0,1,0,0,0,1,0,0,1,0
118,1,0,1,0,1,0,0,1,0,1,0,0,0,0,0,0
119,3,4,2,1,0,1,0,0,0,0,0,1,0,0,0,1
120,2,2,0,0,1,0,0,1,0,0,0,1,0,0,0,1
121,3,0,0,0,1,0,0,1,0,0,0,1,0,1,0,0
122,2,1,0,0,1,0,0,1,0,1,0,0,0,0,1,0
123,2,0,0,1,0,0,0,1,0,0,0,1,0,1,0,0
124,1,0,1,0,1,0,0,0,1,0,0,1,0,0,0,1
125,3,1,0,0,1,1,0,0,0,1,0,0,0,1,0,0
126,3,0,0,0,1,0,0,1,0,0,1,0,1,0,0,0
127,3,0,0,0,1,0,0,1,0,0,0,1,1,0,0,0
128,3,1,1,1,0,0,0,1,0,1,0,0,0,0,1,0
129,3,0,0,0,1,0,0,0,1,0,0,1,1,0,0,0
130,3,0,0,0,1,0,0,1,0,1,0,0,1,0,0,0
131,3,0,0,0,1,0,1,0,0,0,0,1,1,0,0,0
132,3,1,0,1,0,0,0,0,1,0,0,1,0,0,1,0
133,2,1,0,1,0,0,0,1,0,0,0,1,0,0,1,0
134,2,0,0,0,1,0,0,1,0,0,0,1,0,1,0,0
135,2,0,0,0,1,0,0,1,0,1,0,0,0,0,1,0
136,1,0,2,1,0,0,1,0,0,0,0,1,0,0,1,0
137,1,1,0,0,1,0,0,1,0,0,0,1,0,0,0,1
138,3,0,0,0,1,0,1,0,0,0,0,1,0,1,0,0
139,1,0,0,0,1,0,0,1,0,1,0,0,0,0,0,1
140,3,0,2,1,0,0,0,1,0,1,0,0,0,0,1,0
141,3,0,0,1,0,0,0,1,0,0,0,1,1,0,0,0
142,3,1,0,1,0,0,0,1,0,0,0,1,0,0,1,0
143,3,0,0,0,1,0,1,0,0,0,1,0,1,0,0,0
144,2,0,0,0,1,0,1,0,0,0,0,1,0,1,0,0
145,2,1,1,0,1,0,1,0,0,0,0,1,0,0,0,1
146,3,0,0,0,1,0,0,1,0,0,0,1,1,0,0,0
147,3,2,2,1,0,1,0,0,0,0,0,1,0,0,0,1
148,2,0,2,0,1,0,0,1,0,0,0,1,0,0,1,0
149,2,0,0,0,1,0,0,0,1,0,0,1,0,1,0,0
150,2,0,0,0,1,0,0,0,1,0,0,1,0,1,0,0
151,1,1,0,1,0,0,0,1,0,0,0,1,0,0,0,1
152,3,0,0,0,1,0,0,0,1,0,0,1,0,1,0,0
153,3,0,2,0,1,0,0,1,0,0,0,1,0,0,1,0
154,3,0,0,0,1,0,0,1,0,0,0,1,1,0,0,0
155,1,0,1,0,1,0,0,0,1,1,0,0,0,0,0,1
156,3,0,0,1,0,0,1,0,0,0,1,0,1,0,0,0
157,3,0,0,0,1,0,0,1,0,0,0,1,0,1,0,0
158,3,0,0,0,1,0,0,1,0,0,0,1,0,1,0,0
159,3,8,2,0,1,0,0,1,0,0,0,1,0,0,0,1
160,3,0,1,0,1,0,0,0,1,0,0,1,0,0,1,0
161,2,0,0,1,0,0,0,1,0,0,0,1,0,0,1,0
162,3,0,0,0,1,0,0,1,0,0,0,1,1,0,0,0
163,3,0,0,0,1,0,1,0,0,0,0,1,0,1,0,0
164,3,4,1,0,1,1,0,0,0,0,0,1,0,0,0,1
165,3,0,2,0,1,1,0,0,0,0,0,1,0,0,1,0
166,1,0,1,1,0,0,0,1,0,0,0,1,0,0,0,1
167,3,1,4,1,0,0,0,0,1,0,0,1,0,0,1,0
168,1,0,0,0,1,0,0,1,0,0,0,1,0,0,1,0
169,3,0,0,0,1,0,0,1,0,0,0,1,0,0,0,1
170,1,0,0,0,1,0,0,0,1,0,0,1,0,0,0,1
171,3,4,1,0,1,1,0,0,0,0,1,0,0,0,1,0
172,3,1,1,1,0,1,0,0,0,0,0,1,0,1,0,0
173,3,0,0,0,1,0,0,1,0,0,0,1,0,1,0,0
174,1,0,0,0,1,0,0,0,1,1,0,0,0,0,1,0
175,3,1,1,0,1,0,1,0,0,0,0,1,1,0,0,0
176,3,3,1,0,1,0,0,1,0,0,0,1,0,0,1,0
177,1,0,0,1,0,0,0,0,1,1,0,0,0,0,1,0
178,2,0,0,0,1,0,0,1,0,0,0,1,0,1,0,0
179,3,0,0,0,1,0,0,1,0,0,0,1,0,0,0,0
180,3,8,2,1,0,0,0,1,0,0,0,1,0,0,0,1
181,2,0,0,0,1,0,0,1,0,1,0,0,0,0,1,0
182,3,4,2,0,1,1,0,0,0,0,0,1,0,0,0,1
183,2,2,1,0,1,1,0,0,0,0,0,1,0,0,0,1
184,3,0,2,1,0,1,0,0,0,0,0,1,0,0,1,0
185,1,0,0,0,1,0,0,1,0,0,0,1,0,0,0,1
186,3,1,0,1,0,0,0,1,0,0,1,0,0,0,1,0
187,1,0,0,0,1,0,0,0,1,0,0,1,0,0,1,0
188,3,1,1,0,1,0,0,1,0,0,1,0,0,0,1,0
189,3,0,0,0,1,0,0,1,0,0,0,1,1,0,0,0
190,2,0,0,1,0,0,0,1,0,0,0,1,0,1,0,0
191,2,0,0,0,1,0,1,0,0,0,0,1,0,1,0,0
192,3,1,0,1,0,0,1,0,0,0,0,1,1,0,0,0
193,2,1,1,0,1,1,0,0,0,0,0,1,0,0,1,0
194,1,0,0,1,0,0,0,0,1,1,0,0,0,0,1,0
195,1,0,0,1,0,0,0,0,1,1,0,0,0,0,0,0
196,3,0,0,0,1,0,0,1,0,0,1,0,1,0,0,0
197,3,0,1,0,1,0,0,0,1,0,0,1,0,1,0,0
198,3,0,0,1,0,0,0,1,0,0,1,0,1,0,0,0
199,2,0,0,1,0,0,0,1,0,0,0,1,0,1,0,0
200,3,0,0,0,1,0,0,1,0,0,0,1,0,1,0,0
201,3,8,2,0,1,0,0,1,0,0,0,1,0,0,0,1
202,3,0,0,0,1,0,0,1,0,0,0,1,1,0,0,0
203,3,0,0,0,1,0,0,0,1,1,0,0,1,0,0,0
204,3,0,0,0,1,0,1,0,0,0,0,1,0,1,0,0
205,3,0,1,1,0,1,0,0,0,0,0,1,0,1,0,0
206,3,1,0,0,1,0,0,1,0,0,0,1,0,0,1,0
207,3,0,0,0,1,0,0,1,0,1,0,0,0,0,1,0
208,3,0,0,1,0,0,1,0,0,0,1,0,1,0,0,0
209,1,0,0,0,1,0,0,1,0,1,0,0,0,0,1,0
210,3,0,0,0,1,0,0,1,0,0,0,1,1,0,0,0
211,2,0,0,1,0,0,0,1,0,0,0,1,0,0,1,0
212,3,0,0,0,1,0,0,1,0,0,0,1,1,0,0,0
213,2,0,0,0,1,0,0,1,0,0,0,1,0,1,0,0
214,3,1,0,0,1,0,0,1,0,0,1,0,1,0,0,0
215,1,1,0,1,0,0,0,1,0,1,0,0,0,0,0,1
216,3,0,0,1,0,0,0,1,0,0,0,1,0,1,0,0
217,2,1,0,0,1,0,0,0,1,0,0,1,0,0,1,0
218,1,0,0,1,0,0,0,1,0,1,0,0,0,0,0,1
219,2,0,0,0,1,0,0,1,0,0,0,1,0,1,0,0
220,3,0,0,0,1,0,1,0,0,0,0,1,0,1,0,0
221,2,0,0,0,1,0,0,1,0,0,0,1,0,1,0,0
222,3,0,0,0,1,0,0,0,1,0,0,1,0,1,0,0
223,3,0,0,0,1,0,0,1,0,0,0,1,1,0,0,0
224,1,1,0,0,1,0,0,1,0,0,0,1,0,0,0,1
225,3,0,0,0,1,0,0,1,0,0,0,1,0,1,0,0
226,2,0,0,0,1,0,1,0,0,0,0,1,0,1,0,0
227,3,0,0,0,1,0,1,0,0,0,0,1,1,0,0,0
228,2,0,0,0,1,0,1,0,0,0,0,1,0,1,0,0
229,3,3,1,1,0,0,0,1,0,0,0,1,0,0,1,0
230,1,1,0,1,0,0,0,1,0,0,0,1,0,0,0,1
231,3,0,0,0,1,0,0,1,0,0,0,1,1,0,0,0
232,2,0,0,0,1,0,0,0,1,0,0,1,0,1,0,0
233,3,4,2,1,0,1,0,0,0,0,0,1,0,0,0,1
234,2,0,0,0,1,0,0,1,0,0,0,1,0,1,0,0
235,3,0,0,1,0,0,0,1,0,0,0,1,1,0,0,0
236,2,1,0,0,1,0,0,0,1,0,0,1,0,0,1,0
237,2,0,2,1,0,1,0,0,0,0,0,1,0,0,1,0
238,2,0,0,0,1,0,1,0,0,0,0,1,0,1,0,0
239,2,0,0,0,1,0,0,1,0,0,0,1,0,1,0,0
240,3,1,0,1,0,0,0,1,0,1,0,0,0,0,1,0
241,3,1,0,1,0,0,0,1,0,0,1,0,0,0,1,0
242,2,0,0,0,1,0,0,1,0,0,0,1,0,1,0,0
243,3,0,0,0,1,0,0,1,0,0,0,1,1,0,0,0
244,3,0,0,0,1,0,0,1,0,1,0,0,1,0,0,0
245,1,2,0,0,1,0,0,0,1,0,1,0,0,0,0,1
246,3,0,0,1,0,0,0,1,0,0,0,1,1,0,0,0
247,2,0,2,1,0,0,0,1,0,0,0,1,0,0,1,0
248,1,1,1,0,1,0,0,1,0,0,0,1,0,0,0,1
249,2,1,0,0,1,0,0,0,1,0,0,1,0,0,1,0
250,3,0,0,0,1,0,0,1,0,0,0,1,1,0,0,0
251,3,1,1,1,0,0,0,1,0,0,0,1,0,1,0,0
252,1,0,0,0,1,0,0,0,1,0,0,1,0,0,1,0
253,3,1,0,0,1,0,0,1,0,0,0,1,0,0,1,0
254,3,0,2,1,0,0,0,0,1,0,0,1,0,0,1,0
255,3,0,2,1,0,0,0,1,0,1,0,0,0,0,1,0
256,1,0,0,1,0,0,0,1,0,1,0,0,0,0,0,1
257,1,0,0,1,0,0,0,1,0,0,0,1,0,0,0,1
258,1,0,0,1,0,0,0,1,0,1,0,0,0,0,0,0
259,2,0,1,1,0,0,0,0,1,0,0,1,0,0,1,0
260,3,0,0,0,1,0,0,1,0,0,1,0,1,0,0,0
261,3,4,2,0,1,1,0,0,0,0,0,1,0,0,0,1
262,1,1,1,0,1,0,0,0,1,0,0,1,0,0,0,1
263,1,0,0,0,1,0,0,1,0,0,0,1,0,0,0,0
264,3,0,0,1,0,0,0,1,0,0,1,0,1,0,0,0
265,2,0,0,0,1,0,0,1,0,0,0,1,0,1,0,0
266,3,4,1,0,1,0,1,0,0,0,0,1,0,0,0,1
267,3,1,0,0,1,0,0,1,0,0,0,1,1,0,0,0
268,1,0,1,1,0,0,0,0,1,0,0,1,0,0,0,0
269,1,0,0,1,0,0,0,1,0,0,0,1,0,0,0,0
270,1,0,0,0,1,0,0,1,0,0,0,1,0,0,1,0
271,3,0,0,0,1,0,0,1,0,0,0,1,0,0,0,0
272,2,0,1,1,0,0,0,0,1,0,0,1,0,0,1,0
273,1,0,1,0,1,0,0,1,0,1,0,0,0,0,1,0
274,3,0,0,1,0,0,0,1,0,0,1,0,1,0,0,0
275,1,1,0,1,0,0,0,0,1,0,0,1,0,0,0,1
276,3,0,0,1,0,0,0,0,1,0,0,1,1,0,0,0
277,2,0,0,0,1,0,0,1,0,0,0,1,0,0,0,0
278,3,4,1,0,1,1,0,0,0,0,1,0,0,0,1,0
279,3,1,1,1,0,0,0,1,0,0,0,1,0,0,1,0
280,3,0,0,0,1,0,0,0,1,0,1,0,1,0,0,0
281,3,0,0,0,1,0,0,1,0,0,0,1,1,0,0,0
282,3,0,0,0,1,0,1,0,0,0,0,1,0,1,0,0
283,3,0,0,0,1,0,1,0,0,0,0,1,0,1,0,0
284,1,0,0,0,1,0,0,1,0,0,0,1,0,0,1,0
285,3,0,0,0,1,0,0,1,0,1,0,0,0,1,0,0
286,3,0,0,0,1,0,0,1,0,0,0,1,0,1,0,0
287,3,0,0,0,1,0,0,1,0,0,0,1,1,0,0,0
288,2,0,0,0,1,0,0,0,1,0,0,1,0,1,0,0
289,3,0,0,1,0,0,0,1,0,0,1,0,1,0,0,0
290,1,0,0,1,0,0,0,1,0,0,0,1,0,0,0,1
291,1,1,0,1,0,0,1,0,0,1,0,0,0,0,0,1
292,2,0,0,0,1,0,0,1,0,1,0,0,0,1,0,0
293,3,0,0,1,0,0,0,1,0,0,0,1,0,1,0,0
294,3,0,0,0,1,0,0,1,0,0,0,1,1,0,0,0
295,1,0,0,0,1,0,0,1,0,1,0,0,0,0,1,0
296,3,0,0,0,1,0,0,1,0,1,0,0,1,0,0,0
297,1,1,2,1,0,1,0,0,0,0,0,1,0,0,0,0
298,1,0,0,0,1,0,0,1,0,0,0,1,0,0,1,0
299,1,0,1,1,0,0,0,0,1,1,0,0,0,0,0,0
300,3,0,0,1,0,0,0,1,0,0,1,0,1,0,0,0
301,3,2,0,0,1,0,0,1,0,0,1,0,0,0,1,0
302,3,0,0,0,1,0,1,0,0,0,0,1,0,0,0,0
303,2,0,0,1,0,0,0,1,0,0,1,0,0,1,0,0
304,3,0,0,0,1,0,0,1,0,0,0,1,0,1,0,0
305,1,1,2,0,1,0,0,0,0,0,0,1,0,0,0,0
306,1,0,0,1,0,0,0,1,0,1,0,0,0,0,0,1
307,1,1,0,1,0,0,1,0,0,1,0,0,0,0,0,1
308,2,1,0,0,1,0,0,1,0,1,0,0,0,0,1,0
309,1,0,0,1,0,0,0,1,0,1,0,0,0,0,0,1
310,1,0,0,1,0,0,0,1,0,1,0,0,0,0,0,1
311,1,2,2,1,0,0,1,0,0,1,0,0,0,0,0,0
312,2,1,1,1,0,0,0,1,0,0,0,1,0,0,1,0
313,3,0,0,0,1,0,0,1,0,0,0,1,1,0,0,0
314,2,1,1,0,1,0,0,0,1,0,0,1,0,0,1,0
315,3,0,0,1,0,0,0,1,0,0,0,1,1,0,0,0
316,2,1,0,1,0,0,0,1,0,0,0,1,0,0,1,0
317,2,0,0,0,1,0,0,0,1,0,0,1,0,1,0,0
318,1,0,2,1,0,0,0,1,0,0,0,1,0,0,0,0
319,1,1,1,1,0,0,0,1,0,1,0,0,0,0,0,0
320,3,0,0,0,1,0,0,1,0,0,0,1,1,0,0,0
321,3,0,0,0,1,0,0,1,0,0,0,1,1,0,0,0
322,2,0,0,1,0,0,0,1,0,0,1,0,0,1,0,0
323,2,1,1,1,0,0,0,1,0,0,0,1,0,0,1,0
324,3,8,2,0,1,0,0,1,0,0,0,1,0,0,0,1
325,1,0,0,1,0,0,0,1,0,1,0,0,0,0,0,0
326,3,0,0,0,1,0,0,0,1,0,0,1,1,0,0,0
327,2,0,0,1,0,0,0,1,0,0,0,1,0,1,0,0
328,3,1,1,1,0,0,0,1,0,0,0,1,0,0,1,0
329,1,0,1,1,0,0,1,0,0,1,0,0,0,0,0,1
330,3,2,0,1,0,0,0,1,0,0,1,0,0,0,1,0
331,1,0,0,0,1,0,0,0,1,0,0,1,0,0,1,0
332,1,0,1,0,1,0,0,1,0,0,0,1,0,0,0,0
333,3,2,0,0,1,0,1,0,0,0,0,1,0,0,1,0
334,1,1,0,1,0,0,0,1,0,0,0,1,0,0,0,0
335,3,0,0,0,1,0,0,1,0,0,0,1,1,0,0,0
336,1,1,0,0,1,0,0,1,0,0,0,1,0,0,0,1
337,1,0,0,1,0,0,0,0,1,1,0,0,0,0,0,0
338,3,0,0,0,1,0,0,0,1,0,0,1,0,1,0,0
339,1,0,0,0,1,0,0,0,1,0,0,1,0,0,0,1
340,2,1,1,0,1,1,0,0,0,0,0,1,0,0,1,0
341,1,3,2,1,0,0,0,1,0,0,0,1,0,0,0,0
342,2,0,0,0,1,0,0,1,0,0,0,1,0,1,0,0
343,2,0,0,0,1,0,0,1,0,0,0,1,0,1,0,0
344,2,0,0,0,1,0,0,1,0,0,0,1,0,1,0,0
345,2,0,0,1,0,0,0,1,0,0,0,1,0,1,0,0
346,2,0,0,1,0,0,0,1,0,0,0,1,0,1,0,0
347,3,1,0,1,0,0,0,1,0,0,0,1,0,0,1,0
348,3,1,1,0,1,1,0,0,0,0,0,1,0,0,1,0
349,3,0,0,0,1,0,0,0,1,0,0,1,0,1,0,0
350,3,0,0,0,1,0,0,1,0,0,0,1,0,1,0,0
351,1,0,0,0,1,0,0,1,0,0,0,1,0,0,0,1
352,3,1,1,0,1,0,1,0,0,1,0,0,1,0,0,0
353,3,1,0,0,1,0,0,1,0,0,0,1,0,0,1,0
354,3,0,0,0,1,0,0,1,0,1,0,0,1,0,0,0
355,3,0,0,0,1,0,0,1,0,0,0,1,0,1,0,0
356,1,0,1,1,0,0,0,1,0,0,0,1,0,0,0,1
357,2,0,0,1,0,0,0,1,0,0,0,1,0,1,0,0
358,3,0,0,1,0,0,0,1,0,0,1,0,1,0,0,0
359,3,0,0,1,0,0,0,1,0,0,1,0,1,0,0,0
360,3,1,4,0,1,0,0,1,0,0,0,1,0,0,1,0
361,2,1,0,0,1,0,0,1,0,1,0,0,0,0,1,0
362,3,0,1,1,0,0,0,0,1,1,0,0,0,0,1,0
363,3,0,0,0,1,0,0,1,0,0,0,1,1,0,0,0
364,3,1,0,0,1,0,0,1,0,0,1,0,0,0,1,0
365,3,0,0,0,1,0,0,1,0,0,0,1,1,0,0,0
366,1,1,0,1,0,0,0,0,1,1,0,0,0,0,0,1
367,3,0,0,1,0,0,0,1,0,1,0,0,1,0,0,0
368,3,0,0,1,0,0,0,1,0,0,1,0,1,0,0,0
369,1,0,0,1,0,0,0,1,0,1,0,0,0,0,0,1
370,1,1,0,0,1,0,0,1,0,1,0,0,0,0,0,1
371,3,1,0,0,1,0,1,0,0,0,0,1,1,0,0,0
372,3,0,0,0,1,0,1,0,0,0,0,1,0,1,0,0
373,1,0,0,0,1,0,0,1,0,1,0,0,0,0,0,0
374,3,3,1,1,0,1,0,0,0,0,0,1,0,0,1,0
375,1,1,0,1,0,0,0,1,0,1,0,0,0,0,0,1
376,3,0,0,1,0,0,0,1,0,0,0,1,1,0,0,0
377,1,0,2,0,1,0,0,1,0,1,0,0,0,0,0,0
378,3,0,0,0,1,0,1,0,0,1,0,0,1,0,0,0
379,3,0,0,0,1,0,1,0,0,0,0,1,1,0,0,0
380,1,0,0,1,0,0,0,0,1,1,0,0,0,0,0,0
381,3,0,2,1,0,1,0,0,0,1,0,0,0,0,1,0
382,3,0,0,0,1,0,0,1,0,0,0,1,0,1,0,0
383,1,1,0,1,0,0,0,1,0,0,0,1,0,0,0,1
384,3,0,0,0,1,0,0,1,0,0,0,1,1,0,0,0
385,2,0,0,0,1,0,1,0,0,0,0,1,0,0,0,1
386,3,5,2,0,1,1,0,0,0,0,0,1,0,0,0,1
387,2,0,0,1,0,0,0,1,0,0,0,1,0,1,0,0
388,3,0,0,0,1,0,0,1,0,0,1,0,1,0,0,0
389,2,0,0,1,0,0,1,0,0,1,0,0,0,1,0,0
390,1,1,2,0,1,0,0,1,0,0,0,1,0,0,0,1
391,3,0,0,0,1,0,0,1,0,0,0,1,1,0,0,0
392,3,2,0,0,1,0,0,1,0,0,0,1,0,1,0,0
393,1,1,0,1,0,0,0,1,0,1,0,0,0,0,0,1
394,3,0,2,1,0,0,0,1,0,0,0,1,0,0,1,0
395,3,0,0,0,1,0,0,1,0,0,0,1,1,0,0,0
396,3,0,0,1,0,0,0,1,0,0,0,1,1,0,0,0
397,2,0,0,0,1,0,0,0,1,0,0,1,0,0,1,0
398,2,0,0,0,1,0,0,1,0,0,0,1,0,1,0,0
399,2,0,0,1,0,0,0,1,0,0,0,1,0,1,0,0
400,3,0,0,0,1,0,0,1,0,0,0,1,0,1,0,0
401,3,0,0,0,1,0,0,1,0,0,0,1,0,1,0,0
402,3,1,0,1,0,0,0,1,0,0,0,1,0,1,0,0
403,3,1,0,0,1,0,0,1,0,0,0,1,0,0,1,0
404,3,0,0,1,0,0,1,0,0,0,0,1,0,1,0,0
405,2,1,0,0,1,0,0,1,0,0,0,1,0,0,1,0
406,3,0,0,0,1,0,0,0,1,0,0,1,1,0,0,0
407,2,1,1,0,1,1,0,0,0,0,0,1,0,0,1,0
408,3,0,0,0,1,0,0,1,0,0,0,1,1,0,0,0
409,3,3,1,1,0,0,0,1,0,0,0,1,0,0,1,0
410,3,0,0,0,1,0,0,1,0,0,0,1,1,0,0,0
411,3,0,0,0,1,0,0,1,0,0,1,0,1,0,0,0
412,1,1,0,1,0,0,0,1,0,0,1,0,0,0,0,1
413,2,0,0,0,1,0,0,1,0,0,0,1,0,0,0,0
414,3,0,0,0,1,0,0,0,1,0,0,1,0,1,0,0
415,3,0,0,1,0,0,0,1,0,0,0,1,0,1,0,0
416,2,1,1,1,0,0,0,1,0,0,0,1,0,0,0,1
417,2,0,2,1,0,0,1,0,0,0,0,1,0,1,0,0
418,2,0,0,0,1,0,0,1,0,0,0,1,0,1,0,0
419,3,0,2,1,0,1,0,0,0,0,0,1,0,0,1,0
420,3,0,0,0,1,0,0,1,0,1,0,0,1,0,0,0
421,3,0,0,0,1,0,0,1,0,0,1,0,1,0,0,0
422,3,0,0,0,1,0,0,1,0,0,0,1,1,0,0,0
423,3,1,1,1,0,0,0,1,0,0,0,1,0,1,0,0
424,3,1,1,0,1,0,1,0,0,0,0,1,0,0,1,0
425,3,0,0,0,1,0,0,1,0,0,0,1,1,0,0,0
426,2,1,0,1,0,0,0,1,0,0,0,1,0,0,1,0
427,2,0,0,1,0,0,1,0,0,0,0,1,0,0,1,0
428,3,0,0,0,1,0,0,1,0,0,1,0,1,0,0,0
429,3,0,0,0,1,0,0,1,0,0,0,1,0,1,0,0
430,1,0,0,0,1,0,0,1,0,0,0,1,0,0,1,0
431,3,1,0,1,0,0,0,1,0,0,0,1,0,0,1,0
432,2,1,0,1,0,0,0,0,1,0,0,1,0,0,1,0
433,3,0,0,0,1,0,1,0,0,0,0,1,1,0,0,0
434,1,1,0,0,1,0,0,0,1,0,0,1,0,0,0,1
435,1,1,2,1,0,0,1,0,0,0,0,1,0,0,0,1
436,3,2,2,1,0,0,0,1,0,0,0,1,0,0,0,1
437,2,2,3,1,0,0,0,1,0,0,0,1,0,0,1,0
438,1,1,4,0,1,0,0,0,1,0,0,1,0,0,0,0
439,2,0,0,0,1,0,0,1,0,0,0,1,0,1,0,0
440,2,1,1,1,0,0,0,0,1,0,0,1,0,0,1,0
441,3,0,0,0,1,0,1,0,0,0,0,1,0,1,0,0
442,3,1,0,0,1,0,0,1,0,0,0,1,1,0,0,0
443,2,0,0,1,0,0,0,1,0,0,0,1,0,1,0,0
444,3,0,0,0,1,0,0,1,0,0,0,1,0,1,0,0
445,1,0,2,0,1,1,0,0,0,0,0,1,0,0,0,1
446,2,0,1,1,0,0,1,0,0,0,0,1,0,0,1,0
447,1,0,0,0,1,0,0,1,0,0,0,1,0,0,1,0
448,3,2,1,1,0,1,0,0,0,1,0,0,0,0,1,0
449,1,0,0,0,1,0,0,0,1,0,0,1,0,0,1,0
450,2,1,2,0,1,0,0,1,0,0,0,1,0,0,1,0
451,3,1,0,0,1,0,0,1,0,0,0,1,0,0,1,0
452,1,0,0,0,1,0,0,1,0,1,0,0,0,0,1,0
453,1,1,0,0,1,0,0,0,1,1,0,0,0,0,0,1
454,3,0,0,0,1,0,0,1,0,0,0,1,0,1,0,0
455,3,0,0,0,1,0,0,1,0,1,0,0,1,0,0,0
456,1,0,0,0,1,0,0,0,1,0,0,1,0,0,1,0
457,1,1,0,1,0,0,0,1,0,0,0,1,0,0,0,1
458,2,0,0,1,0,0,0,0,1,0,0,1,0,1,0,0
459,3,0,0,0,1,0,0,1,0,0,1,0,1,0,0,0
460,1,0,0,0,1,0,0,0,1,0,0,1,0,0,1,0
461,3,0,0,0,1,0,0,1,0,0,0,1,0,1,0,0
462,1,0,0,0,1,0,0,0,1,0,0,1,0,0,0,1
463,2,0,0,0,1,0,0,0,1,0,0,1,0,1,0,0
464,3,0,0,0,1,0,0,1,0,0,0,1,0,1,0,0
465,3,0,0,0,1,0,0,1,0,0,0,1,1,0,0,0
466,2,0,0,0,1,0,0,1,0,0,0,1,0,0,0,0
467,1,0,0,0,1,0,0,0,1,0,0,1,0,0,1,0
468,3,0,0,0,1,0,0,1,0,0,1,0,1,0,0,0
469,3,2,1,1,0,0,0,0,0,1,0,0,0,0,1,0
470,3,0,0,0,1,0,0,1,0,0,0,1,1,0,0,0
471,3,0,0,0,1,0,0,1,0,0,0,1,0,1,0,0
472,2,1,2,1,0,0,0,1,0,0,0,1,0,0,1,0
473,2,0,0,1,0,0,0,1,0,1,0,0,0,1,0,0
474,3,0,0,1,0,0,0,1,0,0,0,1,0,1,0,0
475,1,0,0,0,1,0,0,1,0,0,0,1,0,0,0,1
476,2,1,0,0,1,0,0,1,0,0,0,1,0,0,1,0
477,3,1,0,0,1,0,0,1,0,0,0,1,1,0,0,0
478,3,0,0,0,1,0,0,1,0,0,0,1,1,0,0,0
479,3,0,1,1,0,1,0,0,0,0,0,1,0,1,0,0
480,3,5,2,0,1,1,0,0,0,0,0,1,0,0,0,1
481,2,0,0,0,1,0,0,1,0,0,0,1,0,0,0,0
482,3,0,0,0,1,0,0,0,1,0,0,1,0,1,0,0
483,3,0,0,1,0,0,0,0,1,0,0,1,0,1,0,0
484,1,1,0,0,1,0,0,1,0,1,0,0,0,0,0,1
485,3,3,1,1,0,0,0,1,0,0,0,1,0,0,1,0
486,1,1,0,1,0,0,0,1,0,0,0,1,0,0,0,1
487,1,0,0,0,1,0,0,0,1,1,0,0,0,0,1,0
488,3,0,0,0,1,0,0,1,0,0,0,1,0,1,0,0
489,3,1,1,0,1,1,0,0,0,0,0,1,0,0,1,0
490,3,1,0,0,1,0,0,1,0,0,0,1,0,0,1,0
491,3,0,0,0,1,0,0,1,0,0,0,1,1,0,0,0
492,1,0,0,0,1,0,0,0,1,0,0,1,0,0,1,0
493,1,0,0,0,1,0,0,0,1,1,0,0,0,0,0,1
494,3,0,0,0,1,0,0,1,0,0,0,1,0,1,0,0
495,3,0,0,0,1,0,0,1,0,1,0,0,0,0,1,0
496,1,1,0,1,0,0,0,0,1,1,0,0,0,0,0,1
497,3,0,0,0,1,0,0,1,0,0,0,1,0,0,1,0
498,1,1,2,1,0,0,0,1,0,0,0,1,0,0,0,0
499,3,0,0,0,1,0,0,1,0,0,0,1,1,0,0,0
500,3,0,0,0,1,0,1,0,0,0,0,1,0,1,0,0
501,3,0,0,1,0,0,0,1,0,0,1,0,1,0,0,0
502,3,0,0,1,0,0,0,1,0,0,1,0,1,0,0,0
503,3,0,0,1,0,0,0,1,0,0,0,1,0,1,0,0
504,1,0,0,1,0,0,1,0,0,0,0,1,0,0,0,1
505,1,1,0,0,1,0,1,0,0,1,0,0,0,0,0,1
506,2,0,2,1,0,0,0,1,0,0,0,1,0,0,1,0
507,1,0,0,0,1,0,0,1,0,0,0,1,0,0,1,0
508,3,0,0,0,1,0,0,1,0,0,0,1,0,0,1,0
509,3,0,0,0,1,0,0,1,0,0,0,1,0,0,0,1
510,3,0,0,0,1,0,0,1,0,0,1,0,1,0,0,0
511,3,0,0,0,1,0,0,1,0,0,0,1,0,1,0,0
512,1,0,0,0,1,0,0,1,0,0,0,1,0,0,1,0
513,1,1,0,1,0,0,0,0,1,1,0,0,0,0,0,1
514,3,0,0,0,1,0,0,1,0,0,0,1,1,0,0,0
515,1,0,0,0,1,0,0,0,1,0,0,1,0,0,0,1
516,2,0,0,1,0,0,0,1,0,0,0,1,0,1,0,0
517,3,0,0,0,1,0,0,1,0,0,1,0,0,0,1,0
518,2,1,0,1,0,0,0,1,0,0,0,1,0,0,1,0
519,3,0,0,0,1,0,0,1,0,0,0,1,1,0,0,0
520,1,0,0,1,0,0,0,1,0,0,0,1,0,0,0,1
521,3,0,0,0,1,0,0,1,0,0,0,1,1,0,0,0
522,3,0,0,0,1,0,0,1,0,1,0,0,1,0,0,0
523,1,0,1,1,0,0,0,0,1,1,0,0,0,0,0,1
524,3,0,0,0,1,0,0,1,0,1,0,0,1,0,0,0
525,3,0,0,0,1,0,0,1,0,0,1,0,1,0,0,0
526,2,0,0,1,0,0,0,0,1,0,0,1,0,1,0,0
527,1,0,0,0,1,0,0,1,0,0,0,1,0,0,0,0
528,3,0,0,0,1,0,0,1,0,0,0,1,0,1,0,0
529,2,2,1,0,1,0,0,1,0,0,0,1,0,1,0,0
530,2,1,1,1,0,1,0,0,0,0,0,1,0,0,1,0
531,3,0,0,0,1,0,0,1,0,1,0,0,1,0,0,0
532,3,1,1,0,1,0,1,0,0,1,0,0,1,0,0,0
533,3,0,2,1,0,0,0,1,0,1,0,0,0,0,1,0
534,3,0,0,1,0,0,0,1,0,0,0,1,0,1,0,0
535,2,0,2,1,0,1,0,0,0,0,0,1,0,0,1,0
536,1,0,0,0,1,0,0,0,1,0,0,1,0,0,1,0
537,1,0,0,1,0,0,0,1,0,1,0,0,0,0,0,1
538,3,0,0,0,1,0,0,1,0,0,0,1,0,0,1,0
539,1,0,2,1,0,0,0,1,0,1,0,0,0,0,0,1
540,1,0,2,1,0,0,0,1,0,0,0,1,0,0,0,1
541,3,4,2,1,0,1,0,0,0,0,0,1,0,0,0,1
542,3,4,2,1,0,1,0,0,0,0,0,1,0,0,0,1
543,2,1,0,0,1,0,0,1,0,0,0,1,0,0,1,0
544,1,1,0,0,1,0,0,0,1,1,0,0,0,0,0,1
545,1,0,0,0,1,0,0,0,1,0,0,1,0,0,1,0
546,2,1,0,1,0,0,1,0,0,0,0,1,0,0,1,0
547,2,0,0,0,1,0,0,1,0,1,0,0,0,1,0,0
548,3,1,1,0,1,0,0,1,0,0,0,1,0,0,1,0
549,2,1,1,0,1,1,0,0,0,0,0,1,0,0,0,1
550,1,0,2,0,1,0,1,0,0,1,0,0,0,0,0,1
551,2,0,0,0,1,0,0,1,0,0,0,1,0,0,1,0
552,3,0,0,0,1,0,0,1,0,0,1,0,1,0,0,0
553,3,0,0,0,1,0,0,1,0,1,0,0,1,0,0,0
554,3,0,0,1,0,0,0,1,0,0,0,1,1,0,0,0
555,1,0,0,0,1,0,0,0,1,0,0,1,0,0,1,0
556,1,1,0,1,0,0,0,0,1,1,0,0,0,0,0,1
557,1,0,0,0,1,0,0,1,0,1,0,0,0,0,0,0
558,1,1,1,1,0,0,0,1,0,0,0,1,0,0,0,1
559,3,1,0,1,0,0,0,1,0,0,0,1,0,0,1,0
560,3,0,0,0,1,0,0,1,0,0,1,0,1,0,0,0
561,3,0,0,0,1,0,0,1,0,0,0,1,1,0,0,0
562,2,0,0,0,1,0,0,1,0,0,0,1,0,1,0,0
563,3,0,0,0,1,0,0,1,0,0,0,1,0,1,0,0
564,3,0,0,1,0,0,0,1,0,0,0,1,0,1,0,0
565,3,2,0,0,1,0,0,1,0,0,0,1,0,0,1,0
566,3,0,0,0,1,0,1,0,0,0,0,1,1,0,0,0
567,3,0,4,1,0,0,0,1,0,0,0,1,0,0,1,0
568,3,0,0,0,1,0,0,1,0,1,0,0,1,0,0,0
569,3,0,0,0,1,0,0,1,0,0,0,1,1,0,0,0
570,2,0,0,0,1,0,0,0,1,0,0,1,0,1,0,0
571,1,2,0,1,0,0,0,0,1,0,0,1,0,0,0,1
572,1,0,0,0,1,0,0,1,0,0,0,1,0,0,1,0
573,3,0,0,1,0,0,0,1,0,0,1,0,1,0,0,0
574,3,0,0,0,1,0,1,0,0,0,0,1,0,1,0,0
575,3,0,0,0,1,0,1,0,0,0,0,1,0,0,1,0
576,2,0,0,1,0,0,0,1,0,0,0,1,0,1,0,0
577,1,1,0,1,0,0,0,1,0,0,0,1,0,0,0,1
578,3,1,0,1,0,0,0,1,0,1,0,0,0,0,1,0
579,3,0,0,0,1,0,0,1,0,0,0,1,0,1,0,0
580,2,1,1,1,0,0,0,1,0,0,0,1,0,0,1,0
581,1,1,1,1,0,0,0,1,0,1,0,0,0,0,0,1
582,2,0,0,0,1,0,0,0,1,0,0,1,0,0,1,0
583,1,0,0,0,1,0,0,1,0,1,0,0,0,0,0,1
584,3,0,0,0,1,0,0,1,0,1,0,0,0,1,0,0
585,1,0,2,1,0,0,1,0,0,0,0,1,0,0,0,1
586,2,0,0,0,1,0,0,0,1,0,0,1,0,0,1,0
587,1,1,1,0,1,0,0,0,1,1,0,0,0,0,0,1
588,3,0,0,0,1,0,0,1,0,0,0,1,0,1,0,0
589,3,0,0,0,1,0,0,1,0,0,0,1,0,1,0,0
590,3,0,0,0,1,0,0,1,0,0,0,1,1,0,0,0
591,1,1,0,1,0,0,0,0,1,1,0,0,0,0,0,1
592,3,0,0,0,1,0,0,0,1,0,0,1,1,0,0,0
593,3,0,2,1,0,0,0,1,0,0,1,0,1,0,0,0
594,2,1,0,0,1,0,0,1,0,0,0,1,0,0,1,0
595,3,1,1,0,1,0,0,1,0,0,0,1,0,0,1,0
596,2,0,0,1,0,0,0,1,0,0,0,1,0,0,0,1
597,3,0,0,0,1,0,0,0,1,0,0,1,0,0,0,0
598,3,0,0,0,1,0,0,1,0,1,0,0,1,0,0,0
599,1,1,0,0,1,0,0,0,1,1,0,0,0,0,0,1
600,2,2,1,1,0,0,0,1,0,0,0,1,0,0,1,0
601,3,0,0,0,1,0,0,1,0,0,0,1,1,0,0,0
602,1,0,0,0,1,0,0,1,0,0,0,1,0,0,0,1
603,3,0,0,0,1,0,0,0,1,0,0,1,0,1,0,0
604,1,0,0,0,1,0,0,1,0,1,0,0,0,0,1,0
605,3,1,0,0,1,0,0,1,0,0,0,1,0,0,1,0
606,3,0,0,0,1,0,0,1,0,0,0,1,1,0,0,0
607,1,0,0,0,1,0,0,1,0,0,0,1,0,0,1,0
608,2,1,2,1,0,0,0,1,0,1,0,0,0,0,0,1
609,1,0,0,1,0,0,0,1,0,0,0,1,0,0,0,0
610,3,1,5,1,0,0,0,1,0,0,0,1,0,0,0,1
611,3,0,0,0,1,0,0,1,0,0,0,1,1,0,0,0
612,3,1,0,1,0,0,0,1,0,0,1,0,0,0,1,0
613,3,0,0,0,1,0,0,1,0,0,1,0,1,0,0,0
614,3,0,0,0,1,0,0,1,0,0,0,1,0,1,0,0
615,2,1,2,1,0,0,0,1,0,0,0,1,0,0,0,1
616,3,1,1,0,1,0,0,1,0,0,0,1,0,1,0,0
617,3,1,0,1,0,0,0,1,0,0,0,1,0,0,1,0
618,2,2,1,1,0,1,0,0,0,0,0,1,0,0,0,1
619,2,0,0,0,1,0,0,1,0,0,0,1,0,1,0,0
620,3,1,0,0,1,0,0,1,0,1,0,0,0,0,1,0
621,1,1,0,0,1,0,0,0,1,0,0,1,0,0,0,1
622,3,1,1,0,1,0,1,0,0,1,0,0,0,0,1,0
623,3,0,0,0,1,0,0,1,0,0,0,1,1,0,0,0
624,3,0,0,0,1,0,0,1,0,0,0,1,0,0,1,0
625,1,0,0,0,1,0,0,0,1,0,0,1,0,0,0,1
626,2,0,0,0,1,0,0,0,1,0,1,0,0,1,0,0
627,1,0,0,1,0,0,0,1,0,0,0,1,0,0,0,1
628,3,0,0,0,1,0,0,1,0,0,0,1,1,0,0,0
629,3,0,0,0,1,0,0,1,0,0,1,0,1,0,0,0
630,1,0,0,0,1,0,0,0,1,0,0,1,0,0,1,0
631,3,0,0,0,1,0,0,0,1,0,0,1,1,0,0,0
632,1,0,0,0,1,0,0,1,0,1,0,0,0,0,1,0
633,1,0,0,0,1,0,0,1,0,0,0,1,0,0,0,0
634,3,3,2,1,0,1,0,0,0,0,0,1,0,0,1,0
635,2,0,0,1,0,0,0,1,0,0,0,1,0,1,0,0
636,3,0,0,0,1,0,0,1,0,0,0,1,0,1,0,0
637,2,1,1,0,1,0,0,1,0,0,0,1,0,0,1,0
638,3,0,5,1,0,0,0,0,1,0,0,1,0,0,0,1
639,3,1,0,0,1,0,0,1,0,0,0,1,0,0,1,0
640,3,0,0,0,1,0,1,0,0,0,0,1,1,0,0,0
641,1,0,0,1,0,0,0,1,0,1,0,0,0,0,0,1
642,3,3,2,1,0,1,0,0,0,0,0,1,0,0,1,0
643,3,0,0,0,1,0,0,1,0,0,0,1,0,0,0,1
644,3,2,1,1,0,0,0,0,0,1,0,0,0,0,1,0
645,1,1,0,0,1,0,0,0,1,1,0,0,0,0,0,1
646,3,0,0,0,1,0,1,0,0,0,0,1,1,0,0,0
647,1,0,0,0,1,0,0,0,1,1,0,0,0,0,0,1
648,3,0,0,0,1,0,0,1,0,0,0,1,1,0,0,0
649,3,0,0,1,0,0,0,1,0,0,0,1,1,0,0,0
650,3,0,0,0,1,0,0,1,0,0,0,1,1,0,0,0
651,2,0,1,1,0,0,1,0,0,0,0,1,0,0,1,0
652,3,0,0,0,1,0,0,1,0,0,0,1,0,1,0,0
653,3,0,0,1,0,0,0,1,0,0,1,0,1,0,0,0
654,3,0,0,1,0,0,1,0,0,0,1,0,1,0,0,0
655,2,2,0,0,1,0,0,1,0,0,0,1,0,0,0,1
656,3,0,0,0,1,0,0,1,0,0,0,1,1,0,0,0
657,3,1,1,1,0,0,0,1,0,0,1,0,0,0,1,0
658,2,0,0,0,1,0,0,1,0,0,0,1,0,1,0,0
659,1,0,2,0,1,0,0,0,1,1,0,0,0,0,0,1
660,1,2,0,0,1,0,0,0,1,0,0,1,0,0,0,0
661,3,0,0,0,1,0,0,1,0,1,0,0,1,0,0,0
662,1,0,0,0,1,0,0,0,1,0,0,1,0,0,1,0
663,3,0,0,0,1,0,0,1,0,0,0,1,1,0,0,0
664,3,1,0,0,1,0,1,0,0,0,0,1,0,1,0,0
665,2,2,0,0,1,0,0,1,0,0,0,1,0,0,0,1
666,2,0,0,0,1,0,0,1,0,0,0,1,0,1,0,0
667,3,0,0,0,1,0,0,1,0,0,0,1,1,0,0,0
668,3,0,0,0,1,0,0,0,1,0,0,1,0,1,0,0
669,1,1,0,1,0,0,0,1,0,0,0,1,0,0,0,1
670,2,1,1,1,0,0,0,1,0,0,0,1,0,0,0,1
671,1,1,0,0,1,0,0,1,0,0,0,1,0,0,0,1
672,2,0,0,0,1,0,0,0,1,0,0,1,0,1,0,0
673,2,0,0,0,1,0,0,1,0,0,0,1,0,1,0,0
674,2,0,0,0,1,0,0,1,0,0,0,1,0,0,0,0
675,3,0,0,0,1,0,1,0,0,0,0,1,1,0,0,0
676,3,0,0,0,1,0,0,1,0,0,0,1,0,1,0,0
677,3,0,0,1,0,0,1,0,0,0,0,1,0,1,0,0
678,3,1,6,1,0,0,0,0,1,0,0,1,0,0,0,1
679,1,0,1,0,1,0,0,1,0,1,0,0,0,0,0,0
680,3,0,0,1,0,0,0,1,0,0,1,0,0,1,0,0
681,1,0,0,0,1,0,0,1,0,1,0,0,0,0,0,1
682,3,0,0,0,1,0,1,0,0,0,0,1,0,1,0,0
683,3,5,2,0,1,0,1,0,0,0,0,1,0,0,0,1
684,2,1,1,0,1,0,0,0,1,0,0,1,0,0,0,1
685,2,1,2,0,1,0,0,1,0,1,0,0,0,0,0,1
686,3,4,1,0,1,0,1,0,0,0,0,1,0,0,0,1
687,3,0,0,0,1,0,1,0,0,0,0,1,0,1,0,0
688,3,0,0,0,1,0,1,0,0,0,0,1,1,0,0,0
689,1,0,1,1,0,0,1,0,0,0,0,1,0,0,0,0
690,1,1,0,0,1,0,0,1,0,0,0,1,0,0,0,1
691,3,0,1,1,0,1,0,0,0,1,0,0,0,1,0,0
692,3,0,0,0,1,0,0,1,0,0,0,1,0,0,0,1
693,3,0,0,0,1,0,0,1,0,1,0,0,1,0,0,0
694,1,0,0,0,1,0,0,0,1,0,0,1,0,0,1,0
695,2,0,0,0,1,0,0,0,1,0,0,1,0,1,0,0
696,3,0,0,0,1,0,0,0,1,0,0,1,0,1,0,0
697,3,0,0,1,0,0,0,1,0,0,1,0,1,0,0,0
698,1,1,1,0,1,0,0,0,1,1,0,0,0,0,0,1
699,3,0,0,0,1,0,0,0,1,0,0,1,1,0,0,0
700,1,1,0,1,0,0,1,0,0,1,0,0,0,0,0,0
701,1,0,0,0,1,0,0,1,0,0,0,1,0,0,1,0
702,3,0,1,1,0,0,1,0,0,1,0,0,0,0,1,0
703,3,0,0,0,1,0,0,1,0,0,1,0,1,0,0,0
704,3,1,0,0,1,0,0,1,0,0,0,1,1,0,0,0
705,2,0,0,0,1,0,0,1,0,0,0,1,0,0,1,0
706,2,0,0,1,0,0,0,0,1,0,0,1,0,1,0,0
707,1,0,0,0,1,0,0,0,1,0,0,1,0,0,1,0
708,1,0,0,1,0,0,0,1,0,0,0,1,0,0,0,0
709,3,1,1,0,1,0,0,1,0,1,0,0,0,0,1,0
710,1,0,0,1,0,0,0,1,0,1,0,0,0,0,0,1
711,1,0,0,0,1,0,0,1,0,0,0,1,0,0,1,0
712,1,1,0,0,1,0,0,0,1,0,0,1,0,0,0,1
713,3,0,0,0,1,0,0,1,0,0,0,1,0,1,0,0
714,2,0,0,0,1,0,0,0,1,0,0,1,0,1,0,0
715,3,0,0,0,1,0,1,0,0,0,0,1,1,0,0,0
716,1,0,0,1,0,0,0,1,0,1,0,0,0,0,0,0
717,2,0,0,1,0,0,0,1,0,0,0,1,0,1,0,0
718,3,0,0,0,1,0,0,1,0,0,1,0,0,0,1,0
719,3,0,0,0,1,0,0,1,0,0,0,1,1,0,0,0
720,2,0,1,1,0,1,0,0,0,0,0,1,0,0,0,1
721,3,1,0,0,1,0,1,0,0,0,0,1,1,0,0,0
722,2,0,0,0,1,0,0,1,0,0,0,1,0,1,0,0
723,2,0,0,0,1,0,0,0,1,0,0,1,0,1,0,0
724,1,1,0,0,1,0,0,1,0,0,0,1,0,0,0,1
725,3,0,0,0,1,0,1,0,0,0,0,1,0,1,0,0
726,2,3,0,1,0,0,0,1,0,0,0,1,0,0,1,0
727,3,0,0,1,0,0,0,1,0,0,1,0,1,0,0,0
728,2,1,0,0,1,0,0,1,0,0,0,1,0,0,1,0
729,3,1,0,1,0,0,0,1,0,0,0,1,0,1,0,0
730,1,0,0,1,0,0,0,1,0,0,0,1,0,0,0,0
731,3,0,0,0,1,1,0,0,0,1,0,0,0,0,1,0
732,2,0,0,0,1,0,0,1,0,0,0,1,0,0,0,0
733,2,0,0,0,1,0,0,1,0,0,0,1,0,1,0,0
734,2,0,0,0,1,0,0,1,0,0,0,1,0,1,0,0
735,3,0,0,0,1,0,0,1,0,0,0,1,0,0,1,0
736,3,1,3,1,0,0,0,0,1,0,0,1,0,0,0,1
737,1,0,0,0,1,0,0,1,0,1,0,0,0,0,0,0
738,3,0,0,0,1,0,0,1,0,0,0,1,1,0,0,0
739,3,0,0,0,1,0,0,1,0,0,0,1,1,0,0,0
740,1,0,0,0,1,0,0,1,0,0,0,1,0,0,1,0
741,1,1,0,0,1,0,0,1,0,0,0,1,0,0,0,1
742,1,2,2,1,0,0,0,1,0,1,0,0,0,0,0,0
743,3,1,0,0,1,0,0,1,0,0,0,1,0,0,1,0
744,3,0,0,0,1,0,0,1,0,0,0,1,0,1,0,0
745,1,1,1,0,1,0,0,0,1,0,0,1,0,0,0,1
746,3,1,1,0,1,0,1,0,0,0,0,1,0,0,1,0
747,2,0,0,1,0,0,0,1,0,0,0,1,0,1,0,0
748,1,1,0,0,1,0,1,0,0,0,0,1,0,0,0,1
749,3,0,0,0,1,0,0,1,0,0,1,0,1,0,0,0
750,2,1,1,1,0,1,0,0,0,0,0,1,0,0,1,0
751,3,0,1,0,1,1,0,0,0,0,0,1,0,1,0,0
752,3,0,0,0,1,0,0,1,0,0,0,1,0,1,0,0
753,3,0,0,0,1,0,0,1,0,0,0,1,1,0,0,0
754,2,1,2,1,0,0,0,0,1,0,0,1,0,0,0,1
755,2,1,1,0,1,0,0,0,0,0,0,1,0,0,1,0
756,3,0,0,0,1,0,0,1,0,0,0,1,1,0,0,0
757,2,0,0,0,1,0,1,0,0,0,0,1,0,1,0,0
758,3,0,0,0,1,0,0,1,0,0,0,1,0,1,0,0
759,1,0,0,1,0,0,0,1,0,0,0,1,0,0,0,1
760,3,0,0,0,1,0,0,1,0,0,0,1,0,0,1,0
761,3,0,0,0,1,0,0,0,1,0,0,1,1,0,0,0
762,3,0,0,0,1,0,1,0,0,1,0,0,1,0,0,0
763,1,1,2,1,0,0,0,1,0,0,0,1,0,0,0,1
764,3,0,0,0,1,0,1,0,0,0,0,1,1,0,0,0
765,1,1,0,1,0,0,0,0,1,0,0,1,0,0,0,1
766,1,0,0,0,1,0,0,1,0,1,0,0,0,0,0,1
767,3,0,0,1,0,0,0,1,0,0,1,0,1,0,0,0
768,3,1,0,0,1,0,0,1,0,0,1,0,0,0,1,0
769,3,0,0,0,1,0,0,1,0,0,0,1,0,1,0,0
770,3,0,0,0,1,0,0,1,0,0,0,1,0,1,0,0
771,3,0,0,0,1,0,0,0,1,0,0,1,1,0,0,0
772,2,0,0,1,0,0,0,0,1,0,0,1,0,1,0,0
773,3,0,0,0,1,0,0,1,0,1,0,0,1,0,0,0
774,2,1,3,1,0,0,0,0,1,0,0,1,0,0,1,0
775,3,0,0,0,1,0,1,0,0,0,0,1,1,0,0,0
776,3,0,0,0,1,0,0,1,0,0,1,0,1,0,0,0
777,3,0,0,1,0,1,0,0,0,0,0,1,0,1,0,0
778,3,0,0,0,1,0,0,1,0,0,1,0,1,0,0,0
779,1,0,1,1,0,0,0,0,1,0,0,1,0,0,0,0
780,3,0,0,1,0,0,1,0,0,1,0,0,1,0,0,0
781,1,1,0,1,0,0,1,0,0,0,0,1,0,0,0,1
782,1,0,0,0,1,0,0,1,0,0,0,1,0,0,1,0
783,3,1,2,0,1,0,0,1,0,0,0,1,0,0,1,0
784,3,0,0,0,1,0,0,1,0,0,0,1,1,0,0,0
785,3,0,0,0,1,0,0,1,0,0,0,1,1,0,0,0
786,3,0,0,1,0,0,1,0,0,0,0,1,1,0,0,0
787,3,4,1,0,1,1,0,0,0,0,1,0,0,0,1,0
788,3,1,2,0,1,1,0,0,0,0,0,1,0,0,1,0
789,1,0,0,0,1,0,0,0,1,1,0,0,0,0,0,1
790,3,0,0,0,1,0,0,1,0,0,1,0,1,0,0,0
791,2,0,0,0,1,0,1,0,0,0,0,1,0,0,1,0
792,3,8,2,1,0,0,0,1,0,0,0,1,0,0,0,1
793,1,0,0,0,1,0,0,1,0,1,0,0,0,0,1,0
794,3,0,0,0,1,0,0,1,0,0,0,1,1,0,0,0
795,2,0,0,0,1,0,0,1,0,0,0,1,0,1,0,0
796,1,0,0,1,0,0,0,0,1,0,0,1,0,0,1,0
797,3,0,0,1,0,0,0,1,0,0,0,1,0,1,0,0
798,3,0,0,0,1,0,0,1,0,1,0,0,1,0,0,0
799,3,1,1,1,0,0,0,1,0,0,0,1,0,0,1,0
800,2,0,0,0,1,0,0,1,0,0,0,1,0,1,0,0
801,2,1,1,1,0,0,0,1,0,0,0,1,0,0,1,0
802,1,1,2,0,1,1,0,0,0,0,0,1,0,0,0,1
803,3,0,1,0,1,0,0,0,0,1,0,0,0,1,0,0
804,3,0,0,0,1,0,0,1,0,0,0,1,1,0,0,0
805,3,0,0,0,1,0,0,1,0,0,0,1,1,0,0,0
806,1,0,0,0,1,0,0,1,0,0,0,1,0,0,0,0
807,3,0,0,1,0,0,1,0,0,0,0,1,1,0,0,0
808,2,0,0,0,1,0,0,1,0,0,0,1,0,1,0,0
809,1,1,0,1,0,0,0,1,0,0,0,1,0,0,0,1
810,3,0,0,0,1,0,0,1,0,0,0,1,1,0,0,0
811,3,0,0,0,1,0,0,1,0,0,0,1,0,0,1,0
812,2,0,0,0,1,0,0,1,0,0,0,1,0,1,0,0
813,3,4,2,1,0,1,0,0,0,0,0,1,0,0,0,1
814,3,0,0,0,1,0,0,1,0,0,0,1,0,1,0,0
815,1,0,0,0,1,0,0,1,0,0,0,1,0,0,0,0
816,3,0,0,1,0,0,0,1,0,0,0,1,0,1,0,0
817,2,1,1,0,1,0,0,1,0,1,0,0,0,0,0,1
818,3,0,0,0,1,0,0,0,1,0,0,1,1,0,0,0
819,3,3,2,0,1,1,0,0,0,0,0,1,0,0,1,0
820,1,1,1,1,0,0,0,0,1,0,0,1,0,0,0,1
821,3,0,0,0,1,0,0,1,0,0,0,1,0,1,0,0
822,1,0,0,0,1,0,0,1,0,0,0,1,0,0,0,0
823,3,0,1,1,0,0,0,1,0,0,0,1,0,1,0,0
824,3,4,1,0,1,1,0,0,0,0,0,1,0,0,0,1
825,3,0,0,0,1,0,0,1,0,0,1,0,1,0,0,0
826,3,0,0,0,1,0,0,1,0,0,0,1,0,0,0,1
827,2,0,2,0,1,1,0,0,0,1,0,0,0,0,0,1
828,3,0,0,0,1,0,0,1,0,0,1,0,1,0,0,0
829,1,0,0,1,0,0,0,0,1,0,0,1,0,0,0,1
830,3,1,0,1,0,0,1,0,0,1,0,0,0,0,1,0
831,2,1,1,0,1,0,0,0,0,0,0,1,0,0,1,0
832,3,0,0,0,1,0,0,1,0,1,0,0,1,0,0,0
833,3,0,0,0,1,0,0,1,0,0,0,1,1,0,0,0
834,3,0,0,0,1,0,1,0,0,0,0,1,0,1,0,0
835,1,1,1,1,0,0,0,1,0,1,0,0,0,0,0,1
836,3,0,0,0,1,0,0,1,0,0,0,1,0,1,0,0
837,3,0,0,0,1,0,0,1,0,0,0,1,0,1,0,0
838,3,0,0,0,1,0,0,1,0,0,0,1,0,0,0,1
839,1,0,0,0,1,0,0,1,0,1,0,0,0,0,1,0
840,3,0,0,0,1,0,1,0,0,0,0,1,0,1,0,0
841,2,0,0,0,1,0,1,0,0,0,0,1,0,1,0,0
842,1,0,0,1,0,0,0,1,0,1,0,0,0,0,1,0
843,3,0,0,0,1,0,0,1,0,1,0,0,1,0,0,0
844,3,0,0,0,1,0,1,0,0,0,0,1,0,1,0,0
845,3,0,0,0,1,0,0,0,1,0,0,1,1,0,0,0
846,3,8,2,0,1,0,0,1,0,0,0,1,0,0,0,1
847,3,0,0,0,1,0,0,1,0,1,0,0,1,0,0,0
848,2,0,1,0,1,0,0,1,0,0,0,1,0,0,0,1
849,1,1,0,1,0,0,0,1,0,1,0,0,0,0,0,1
850,3,4,2,0,1,1,0,0,0,0,0,1,0,0,0,1
851,3,0,0,0,1,0,0,0,1,0,0,1,1,0,0,0
852,3,1,1,1,0,1,0,0,0,1,0,0,0,0,1,0
853,1,0,1,1,0,0,1,0,0,0,0,1,0,0,0,1
854,2,1,0,1,0,0,0,0,1,0,0,1,0,0,1,0
855,3,0,1,1,0,0,1,0,0,0,0,1,0,1,0,0
856,1,1,1,1,0,0,0,0,1,0,0,1,0,0,0,0
857,1,0,0,0,1,0,0,0,1,0,0,1,0,0,1,0
858,3,0,3,1,0,0,0,1,0,1,0,0,0,0,1,0
859,3,0,0,0,1,0,0,1,0,1,0,0,1,0,0,0
860,3,2,0,0,1,0,0,0,1,0,0,1,0,1,0,0
861,2,1,0,0,1,0,0,1,0,0,0,1,0,1,0,0
862,1,0,0,1,0,0,0,0,1,0,0,1,0,0,1,0
863,3,8,2,1,0,0,0,1,0,0,0,1,0,0,0,1
864,2,0,0,0,1,0,0,1,0,0,0,1,0,1,0,0
865,2,0,0,1,0,0,0,0,1,0,0,1,0,1,0,0
866,2,1,0,1,0,0,0,1,0,1,0,0,0,1,0,0
867,1,0,0,0,1,0,0,1,0,0,0,1,0,0,0,1
868,3,0,0,0,1,0,0,1,0,0,0,1,0,1,0,0
869,3,1,1,0,1,1,0,0,0,0,0,1,0,1,0,0
870,3,0,0,0,1,0,0,1,0,0,0,1,1,0,0,0
871,1,1,1,1,0,0,0,0,1,0,0,1,0,0,0,1
872,1,0,0,0,1,0,0,1,0,0,0,1,1,0,0,0
873,3,0,0,0,1,0,0,0,1,0,0,1,0,1,0,0
874,2,1,0,1,0,0,0,1,0,1,0,0,0,0,1,0
875,3,0,0,1,0,0,1,0,0,1,0,0,1,0,0,0
876,3,0,0,0,1,0,1,0,0,0,0,1,0,1,0,0
877,3,0,0,0,1,0,1,0,0,0,0,1,1,0,0,0
878,3,0,0,0,1,0,0,1,0,0,0,1,1,0,0,0
879,1,0,1,1,0,0,0,0,1,1,0,0,0,0,0,1
880,2,0,1,1,0,0,0,1,0,0,0,1,0,0,1,0
881,3,0,0,0,1,0,0,1,0,0,0,1,1,0,0,0
882,3,0,0,1,0,0,0,1,0,0,0,1,0,1,0,0
883,2,0,0,0,1,0,0,1,0,0,0,1,0,1,0,0
884,3,0,0,0,1,0,0,1,0,0,0,1,1,0,0,0
885,3,0,5,1,0,0,0,1,0,0,1,0,0,0,1,0
886,2,0,0,0,1,0,0,1,0,0,0,1,0,1,0,0
887,1,0,0,1,0,0,1,0,0,0,0,1,0,0,1,0
888,3,1,2,1,0,0,0,1,0,0,0,1,0,0,1,0
889,1,0,0,0,1,0,0,1,0,1,0,0,0,0,1,0
890,3,0,0,0,1,0,0,1,0,0,1,0,1,0,0,0
